<?xml version="1.0" encoding="UTF-8"?>
<project-private xmlns="http://www.netbeans.org/ns/project-private/1">
    <editor-bookmarks xmlns="http://www.netbeans.org/ns/editor-bookmarks/2" lastBookmarkId="0"/>
    <open-files xmlns="http://www.netbeans.org/ns/projectui-open-files/2">
        <group>
            <file>file:/F:/PROJECT/EasyDictionary/src/mrloiho/hust/design/AddNewWord.java</file>
            <file>file:/F:/PROJECT/EasyDictionary/src/mrloiho/hust/file_io/FileIO.java</file>
            <file>file:/F:/PROJECT/EasyDictionary/src/mrloiho/hust/design/Main.java</file>
            <file>file:/F:/PROJECT/EasyDictionary/src/mrloiho/hust/model/Dictionary.java</file>
            <file>file:/F:/PROJECT/EasyDictionary/src/mrloiho/hust/file_io/ReInputData.java</file>
        </group>
    </open-files>
</project-private>
